{"test": 1784050860.9872246, "bridge_exits": 1784325175.5980053}