{"test": 1784050860.9872246, "bridge_exits": 1784210402.1645002}